{"cameraMode":{"drawMode":0,"name":"Shaded","section":"Shading Mode"},"sceneLighting":false,"audioPlay":false,"sceneViewState":{"showFog":true,"showMaterialUpdate":true,"showSkybox":false,"showFlares":true,"showImageEffects":true,"showParticleSystems":true},"in2DMode":false,"pivot":{"x":84.51508331298828,"y":180.21607971191407,"z":-825.5845947265625},"rotation":{"x":0.22708268463611604,"y":-0.6301815509796143,"z":0.20012028515338899,"w":0.7150344252586365},"size":995.1920776367188,"orthographic":false}