{"cameraMode":{"drawMode":0,"name":"Shaded","section":"Shading Mode"},"sceneLighting":true,"audioPlay":false,"sceneViewState":{"showFog":true,"showMaterialUpdate":true,"showSkybox":true,"showFlares":true,"showImageEffects":true,"showParticleSystems":true},"in2DMode":false,"pivot":{"x":58.21848678588867,"y":-28.46912384033203,"z":-57.58754348754883},"rotation":{"x":0.06446364521980286,"y":-0.9297735095024109,"z":0.30449870228767397,"w":0.1966683268547058},"size":63.306060791015628,"orthographic":false}