{"cameraMode":{"drawMode":0,"name":"Shaded","section":"Shading Mode"},"sceneLighting":false,"audioPlay":false,"sceneViewState":{"showFog":true,"showMaterialUpdate":true,"showSkybox":false,"showFlares":true,"showImageEffects":true,"showParticleSystems":true},"in2DMode":false,"pivot":{"x":-17.010448455810548,"y":-1.2123515605926514,"z":2.113861560821533},"rotation":{"x":0.10374458879232407,"y":-0.5986733436584473,"z":0.07855822145938873,"w":0.7903590798377991},"size":7.327980995178223,"orthographic":false}