{"cameraMode":{"drawMode":0,"name":"Shaded","section":"Shading Mode"},"sceneLighting":false,"audioPlay":false,"sceneViewState":{"showFog":true,"showMaterialUpdate":true,"showSkybox":false,"showFlares":true,"showImageEffects":true,"showParticleSystems":true},"in2DMode":false,"pivot":{"x":1290.7071533203125,"y":1071.259521484375,"z":-408.5460510253906},"rotation":{"x":0.29723718762397768,"y":-0.42974749207496645,"z":0.1522497683763504,"w":0.8389308452606201},"size":98.55404663085938,"orthographic":false}